competitionId,goalsHomeTeam,placeId,awayTeamId,goalsAwayTeam,status,homeTeamId,date
378,3,NULL,805,0,FINISHED,771,1930-07-12T23:00:00Z
378,1,NULL,773,4,FINISHED,769,1930-07-12T23:00:00Z
378,2,NULL,764,1,FINISHED,812,1930-07-13T23:00:00Z
378,3,NULL,832,1,FINISHED,811,1930-07-13T23:00:00Z
378,1,NULL,773,0,FINISHED,762,1930-07-14T23:00:00Z
378,3,NULL,769,0,FINISHED,767,1930-07-15T23:00:00Z
378,3,NULL,761,0,FINISHED,771,1930-07-16T23:00:00Z
378,4,NULL,820,0,FINISHED,812,1930-07-16T23:00:00Z
378,1,NULL,832,0,FINISHED,758,1930-07-17T23:00:00Z
378,6,NULL,769,3,FINISHED,762,1930-07-18T23:00:00Z
378,1,NULL,773,0,FINISHED,767,1930-07-18T23:00:00Z
378,1,NULL,805,0,FINISHED,761,1930-07-19T23:00:00Z
378,4,NULL,820,0,FINISHED,764,1930-07-19T23:00:00Z
378,4,NULL,811,0,FINISHED,758,1930-07-20T23:00:00Z
378,1,NULL,762,3,FINISHED,767,1930-07-21T23:00:00Z
378,6,NULL,771,1,FINISHED,762,1930-07-25T23:00:00Z
378,6,NULL,812,1,FINISHED,758,1930-07-26T23:00:00Z
378,4,NULL,762,2,FINISHED,758,1930-07-29T23:00:00Z
377,3,NULL,756,2,FINISHED,788,1934-05-26T23:00:00Z
377,3,NULL,762,2,FINISHED,792,1934-05-26T23:00:00Z
377,3,NULL,764,1,FINISHED,760,1934-05-26T23:00:00Z
377,7,NULL,771,1,FINISHED,784,1934-05-26T23:00:00Z
377,4,NULL,825,2,FINISHED,827,1934-05-26T23:00:00Z
377,5,NULL,805,2,FINISHED,759,1934-05-26T23:00:00Z
377,1,NULL,816,1,FINISHED,773,1934-05-26T23:00:00Z
377,2,NULL,811,1,FINISHED,822,1934-05-26T23:00:00Z
377,1,NULL,760,1,FINISHED,784,1934-05-30T23:00:00Z
377,2,NULL,792,1,FINISHED,759,1934-05-30T23:00:00Z
377,3,NULL,788,2,FINISHED,822,1934-05-30T23:00:00Z
377,2,NULL,827,1,FINISHED,816,1934-05-30T23:00:00Z
377,1,NULL,760,0,FINISHED,784,1934-05-31T23:00:00Z
377,1,NULL,816,0,FINISHED,784,1934-06-02T23:00:00Z
377,3,NULL,759,1,FINISHED,822,1934-06-02T23:00:00Z
377,3,NULL,816,2,FINISHED,759,1934-06-06T23:00:00Z
377,1,NULL,822,1,FINISHED,784,1934-06-09T23:00:00Z
376,1,NULL,759,1,FINISHED,788,1938-06-03T23:00:00Z
376,1,NULL,813,1,FINISHED,784,1938-06-04T23:00:00Z
376,6,NULL,839,0,FINISHED,827,1938-06-04T23:00:00Z
376,3,NULL,805,1,FINISHED,773,1938-06-04T23:00:00Z
376,0,NULL,756,0,FINISHED,822,1938-06-04T23:00:00Z
376,2,NULL,811,2,FINISHED,838,1938-06-04T23:00:00Z
376,4,NULL,794,4,FINISHED,764,1938-06-04T23:00:00Z
376,4,NULL,759,2,FINISHED,788,1938-06-08T23:00:00Z
376,2,NULL,811,1,FINISHED,838,1938-06-08T23:00:00Z
376,8,NULL,838,0,FINISHED,792,1938-06-11T23:00:00Z
376,3,NULL,773,1,FINISHED,784,1938-06-11T23:00:00Z
376,2,NULL,788,0,FINISHED,827,1938-06-11T23:00:00Z
376,1,NULL,822,1,FINISHED,764,1938-06-11T23:00:00Z
376,2,NULL,822,1,FINISHED,764,1938-06-13T23:00:00Z
376,2,NULL,764,1,FINISHED,784,1938-06-15T23:00:00Z
376,5,NULL,792,1,FINISHED,827,1938-06-15T23:00:00Z
376,4,NULL,827,2,FINISHED,784,1938-06-18T23:00:00Z
376,4,NULL,792,2,FINISHED,764,1938-06-18T23:00:00Z
379,4,NULL,769,0,FINISHED,764,1950-06-23T23:00:00Z
379,3,NULL,784,2,FINISHED,792,1950-06-24T23:00:00Z
379,3,NULL,788,0,FINISHED,812,1950-06-24T23:00:00Z
379,3,NULL,771,1,FINISHED,760,1950-06-24T23:00:00Z
379,2,NULL,767,0,FINISHED,770,1950-06-24T23:00:00Z
379,4,NULL,769,1,FINISHED,812,1950-06-27T23:00:00Z
379,2,NULL,788,2,FINISHED,764,1950-06-27T23:00:00Z
379,2,NULL,767,0,FINISHED,760,1950-06-28T23:00:00Z
379,1,NULL,770,0,FINISHED,771,1950-06-28T23:00:00Z
379,2,NULL,761,2,FINISHED,792,1950-06-28T23:00:00Z
379,2,NULL,812,0,FINISHED,764,1950-06-30T23:00:00Z
379,2,NULL,761,0,FINISHED,784,1950-07-01T23:00:00Z
379,1,NULL,770,0,FINISHED,760,1950-07-01T23:00:00Z
379,5,NULL,771,2,FINISHED,767,1950-07-01T23:00:00Z
379,8,NULL,820,0,FINISHED,758,1950-07-01T23:00:00Z
379,2,NULL,769,1,FINISHED,788,1950-07-01T23:00:00Z
379,2,NULL,760,2,FINISHED,758,1950-07-08T23:00:00Z
379,7,NULL,792,1,FINISHED,764,1950-07-08T23:00:00Z
379,3,NULL,792,2,FINISHED,758,1950-07-12T23:00:00Z
379,6,NULL,760,1,FINISHED,764,1950-07-12T23:00:00Z
379,2,NULL,764,1,FINISHED,758,1950-07-15T23:00:00Z
379,3,NULL,760,1,FINISHED,792,1950-07-15T23:00:00Z
382,1,NULL,773,0,FINISHED,812,1954-06-15T23:00:00Z
382,2,NULL,822,0,FINISHED,758,1954-06-15T23:00:00Z
382,1,NULL,814,0,FINISHED,816,1954-06-15T23:00:00Z
382,5,NULL,769,0,FINISHED,764,1954-06-15T23:00:00Z
382,3,NULL,805,3,FINISHED,770,1954-06-16T23:00:00Z
382,4,NULL,803,1,FINISHED,821,1954-06-16T23:00:00Z
382,9,NULL,772,0,FINISHED,827,1954-06-16T23:00:00Z
382,2,NULL,784,1,FINISHED,788,1954-06-16T23:00:00Z
382,7,NULL,814,0,FINISHED,758,1954-06-18T23:00:00Z
382,5,NULL,822,0,FINISHED,816,1954-06-18T23:00:00Z
382,1,NULL,812,1,FINISHED,764,1954-06-18T23:00:00Z
382,3,NULL,769,2,FINISHED,773,1954-06-18T23:00:00Z
382,2,NULL,788,0,FINISHED,770,1954-06-19T23:00:00Z
382,4,NULL,805,1,FINISHED,784,1954-06-19T23:00:00Z
382,7,NULL,772,0,FINISHED,803,1954-06-19T23:00:00Z
382,8,NULL,821,3,FINISHED,827,1954-06-19T23:00:00Z
382,4,NULL,784,1,FINISHED,788,1954-06-22T23:00:00Z
382,7,NULL,803,2,FINISHED,821,1954-06-22T23:00:00Z
382,7,NULL,788,5,FINISHED,816,1954-06-25T23:00:00Z
382,4,NULL,770,2,FINISHED,758,1954-06-25T23:00:00Z
382,4,NULL,764,2,FINISHED,827,1954-06-26T23:00:00Z
382,2,NULL,812,0,FINISHED,821,1954-06-26T23:00:00Z
382,6,NULL,816,1,FINISHED,821,1954-06-29T23:00:00Z
382,2,NULL,758,2,FINISHED,827,1954-06-29T23:00:00Z
382,3,NULL,758,1,FINISHED,816,1954-07-02T23:00:00Z
382,3,NULL,827,2,FINISHED,821,1954-07-03T23:00:00Z
374,2,NULL,770,2,FINISHED,823,1958-06-07T23:00:00Z
374,1,NULL,833,1,FINISHED,827,1958-06-07T23:00:00Z
374,3,NULL,769,0,FINISHED,792,1958-06-07T23:00:00Z
374,1,NULL,821,3,FINISHED,762,1958-06-07T23:00:00Z
374,1,NULL,822,0,FINISHED,829,1958-06-07T23:00:00Z
374,7,NULL,761,3,FINISHED,773,1958-06-07T23:00:00Z
374,3,NULL,816,0,FINISHED,764,1958-06-07T23:00:00Z
374,1,NULL,814,1,FINISHED,812,1958-06-07T23:00:00Z
374,3,NULL,773,2,FINISHED,812,1958-06-10T23:00:00Z
374,2,NULL,822,2,FINISHED,821,1958-06-10T23:00:00Z
374,3,NULL,829,1,FINISHED,762,1958-06-10T23:00:00Z
374,3,NULL,814,2,FINISHED,761,1958-06-10T23:00:00Z
374,1,NULL,833,1,FINISHED,769,1958-06-10T23:00:00Z
374,0,NULL,770,0,FINISHED,764,1958-06-10T23:00:00Z
374,2,NULL,816,0,FINISHED,823,1958-06-10T23:00:00Z
374,2,NULL,827,1,FINISHED,792,1958-06-11T23:00:00Z
374,4,NULL,769,0,FINISHED,827,1958-06-14T23:00:00Z
374,2,NULL,823,0,FINISHED,764,1958-06-14T23:00:00Z
374,2,NULL,816,2,FINISHED,770,1958-06-14T23:00:00Z
374,0,NULL,833,0,FINISHED,792,1958-06-14T23:00:00Z
374,3,NULL,812,3,FINISHED,761,1958-06-14T23:00:00Z
374,2,NULL,814,1,FINISHED,773,1958-06-14T23:00:00Z
374,2,NULL,829,2,FINISHED,821,1958-06-14T23:00:00Z
374,6,NULL,762,1,FINISHED,822,1958-06-14T23:00:00Z
374,1,NULL,770,0,FINISHED,823,1958-06-16T23:00:00Z
374,2,NULL,827,1,FINISHED,833,1958-06-16T23:00:00Z
374,1,NULL,822,1,FINISHED,829,1958-06-16T23:00:00Z
374,1,NULL,833,0,FINISHED,764,1958-06-18T23:00:00Z
374,4,NULL,829,0,FINISHED,773,1958-06-18T23:00:00Z
374,2,NULL,823,0,FINISHED,792,1958-06-18T23:00:00Z
374,1,NULL,812,0,FINISHED,821,1958-06-18T23:00:00Z
374,3,NULL,821,1,FINISHED,792,1958-06-23T23:00:00Z
374,5,NULL,773,2,FINISHED,764,1958-06-23T23:00:00Z
374,6,NULL,821,3,FINISHED,773,1958-06-27T23:00:00Z
374,5,NULL,792,2,FINISHED,764,1958-06-28T23:00:00Z
380,1,NULL,817,0,FINISHED,762,1962-05-29T23:00:00Z
380,2,NULL,818,1,FINISHED,758,1962-05-29T23:00:00Z
380,2,NULL,769,0,FINISHED,764,1962-05-29T23:00:00Z
380,3,NULL,788,1,FINISHED,767,1962-05-29T23:00:00Z
380,2,NULL,770,1,FINISHED,827,1962-05-30T23:00:00Z
380,1,NULL,760,0,FINISHED,822,1962-05-30T23:00:00Z
380,0,NULL,784,0,FINISHED,821,1962-05-30T23:00:00Z
380,2,NULL,812,0,FINISHED,823,1962-05-30T23:00:00Z
380,2,NULL,784,0,FINISHED,767,1962-06-01T23:00:00Z
380,0,NULL,822,0,FINISHED,764,1962-06-01T23:00:00Z
380,3,NULL,762,1,FINISHED,770,1962-06-01T23:00:00Z
380,3,NULL,758,1,FINISHED,812,1962-06-01T23:00:00Z
380,1,NULL,769,0,FINISHED,760,1962-06-02T23:00:00Z
380,6,NULL,817,1,FINISHED,827,1962-06-02T23:00:00Z
380,2,NULL,788,1,FINISHED,821,1962-06-02T23:00:00Z
380,4,NULL,818,4,FINISHED,823,1962-06-02T23:00:00Z
380,2,NULL,767,0,FINISHED,821,1962-06-05T23:00:00Z
380,2,NULL,758,1,FINISHED,823,1962-06-05T23:00:00Z
380,0,NULL,762,0,FINISHED,827,1962-06-05T23:00:00Z
380,2,NULL,760,1,FINISHED,764,1962-06-05T23:00:00Z
380,0,NULL,817,0,FINISHED,770,1962-06-06T23:00:00Z
380,3,NULL,822,1,FINISHED,769,1962-06-06T23:00:00Z
380,5,NULL,818,0,FINISHED,812,1962-06-06T23:00:00Z
380,3,NULL,788,0,FINISHED,784,1962-06-06T23:00:00Z
380,3,NULL,770,1,FINISHED,764,1962-06-09T23:00:00Z
380,2,NULL,823,1,FINISHED,767,1962-06-09T23:00:00Z
380,1,NULL,827,0,FINISHED,822,1962-06-09T23:00:00Z
380,1,NULL,821,0,FINISHED,812,1962-06-09T23:00:00Z
380,3,NULL,812,1,FINISHED,822,1962-06-12T23:00:00Z
380,4,NULL,767,2,FINISHED,764,1962-06-12T23:00:00Z
380,1,NULL,812,0,FINISHED,767,1962-06-15T23:00:00Z
380,3,NULL,822,1,FINISHED,764,1962-06-16T23:00:00Z
407,0,NULL,758,0,FINISHED,770,1966-07-10T23:00:00Z
407,3,NULL,785,0,FINISHED,823,1966-07-11T23:00:00Z
407,2,NULL,817,0,FINISHED,764,1966-07-11T23:00:00Z
407,5,NULL,788,0,FINISHED,821,1966-07-11T23:00:00Z
407,2,NULL,767,0,FINISHED,784,1966-07-12T23:00:00Z
407,3,NULL,827,1,FINISHED,765,1966-07-12T23:00:00Z
407,2,NULL,760,1,FINISHED,762,1966-07-12T23:00:00Z
407,1,NULL,769,1,FINISHED,773,1966-07-12T23:00:00Z
407,2,NULL,788,1,FINISHED,760,1966-07-14T23:00:00Z
407,3,NULL,764,1,FINISHED,827,1966-07-14T23:00:00Z
407,1,NULL,767,1,FINISHED,785,1966-07-14T23:00:00Z
407,2,NULL,773,1,FINISHED,758,1966-07-14T23:00:00Z
407,3,NULL,817,0,FINISHED,765,1966-07-15T23:00:00Z
407,1,NULL,784,0,FINISHED,823,1966-07-15T23:00:00Z
407,0,NULL,762,0,FINISHED,821,1966-07-15T23:00:00Z
407,2,NULL,769,0,FINISHED,770,1966-07-15T23:00:00Z
407,2,NULL,788,0,FINISHED,762,1966-07-18T23:00:00Z
407,0,NULL,769,0,FINISHED,758,1966-07-18T23:00:00Z
407,1,NULL,784,0,FINISHED,785,1966-07-18T23:00:00Z
407,3,NULL,764,1,FINISHED,765,1966-07-18T23:00:00Z
407,2,NULL,767,1,FINISHED,823,1966-07-19T23:00:00Z
407,3,NULL,817,1,FINISHED,827,1966-07-19T23:00:00Z
407,2,NULL,773,0,FINISHED,770,1966-07-19T23:00:00Z
407,2,NULL,760,1,FINISHED,821,1966-07-19T23:00:00Z
407,1,NULL,762,0,FINISHED,770,1966-07-22T23:00:00Z
407,5,NULL,785,3,FINISHED,765,1966-07-22T23:00:00Z
407,2,NULL,827,1,FINISHED,823,1966-07-22T23:00:00Z
407,4,NULL,758,0,FINISHED,821,1966-07-22T23:00:00Z
407,2,NULL,823,1,FINISHED,821,1966-07-24T23:00:00Z
407,2,NULL,765,1,FINISHED,770,1966-07-25T23:00:00Z
407,2,NULL,823,1,FINISHED,765,1966-07-27T23:00:00Z
407,2,NULL,821,2,FINISHED,770,1966-07-29T23:00:00Z
409,0,NULL,823,0,FINISHED,769,1970-05-30T23:00:00Z
409,2,NULL,1061,0,FINISHED,758,1970-06-01T23:00:00Z
409,3,NULL,817,2,FINISHED,452,1970-06-01T23:00:00Z
409,1,NULL,811,0,FINISHED,770,1970-06-01T23:00:00Z
409,2,NULL,815,1,FINISHED,821,1970-06-02T23:00:00Z
409,4,NULL,822,1,FINISHED,764,1970-06-02T23:00:00Z
409,1,NULL,792,0,FINISHED,784,1970-06-02T23:00:00Z
409,3,NULL,830,0,FINISHED,805,1970-06-02T23:00:00Z
409,2,NULL,822,1,FINISHED,811,1970-06-05T23:00:00Z
409,3,NULL,815,0,FINISHED,452,1970-06-05T23:00:00Z
409,0,NULL,784,0,FINISHED,758,1970-06-05T23:00:00Z
409,4,NULL,805,1,FINISHED,823,1970-06-05T23:00:00Z
409,1,NULL,1061,1,FINISHED,792,1970-06-06T23:00:00Z
409,1,NULL,770,0,FINISHED,764,1970-06-06T23:00:00Z
409,5,NULL,817,2,FINISHED,821,1970-06-06T23:00:00Z
409,4,NULL,830,0,FINISHED,769,1970-06-06T23:00:00Z
409,2,NULL,830,0,FINISHED,823,1970-06-09T23:00:00Z
409,1,NULL,758,0,FINISHED,792,1970-06-09T23:00:00Z
409,3,NULL,811,2,FINISHED,764,1970-06-09T23:00:00Z
409,3,NULL,452,1,FINISHED,821,1970-06-09T23:00:00Z
409,0,NULL,1061,0,FINISHED,784,1970-06-10T23:00:00Z
409,1,NULL,815,1,FINISHED,817,1970-06-10T23:00:00Z
409,1,NULL,805,0,FINISHED,769,1970-06-10T23:00:00Z
409,1,NULL,822,0,FINISHED,770,1970-06-10T23:00:00Z
409,4,NULL,452,2,FINISHED,764,1970-06-13T23:00:00Z
409,4,NULL,769,1,FINISHED,784,1970-06-13T23:00:00Z
409,2,NULL,770,2,FINISHED,759,1970-06-13T23:00:00Z
409,0,NULL,823,0,FINISHED,758,1970-06-13T23:00:00Z
409,1,NULL,821,1,FINISHED,784,1970-06-16T23:00:00Z
409,3,NULL,758,1,FINISHED,764,1970-06-16T23:00:00Z
409,1,NULL,758,0,FINISHED,821,1970-06-19T23:00:00Z
409,4,NULL,784,1,FINISHED,764,1970-06-20T23:00:00Z
375,0,NULL,812,0,FINISHED,764,1974-06-12T23:00:00Z
375,1,NULL,767,0,FINISHED,821,1974-06-13T23:00:00Z
375,0,NULL,814,2,FINISHED,835,1974-06-13T23:00:00Z
375,2,NULL,779,0,FINISHED,834,1974-06-13T23:00:00Z
375,3,NULL,836,1,FINISHED,784,1974-06-14T23:00:00Z
375,0,NULL,756,2,FINISHED,758,1974-06-14T23:00:00Z
375,0,NULL,817,0,FINISHED,792,1974-06-14T23:00:00Z
375,3,NULL,762,2,FINISHED,794,1974-06-14T23:00:00Z
375,9,NULL,835,0,FINISHED,812,1974-06-17T23:00:00Z
375,0,NULL,821,3,FINISHED,779,1974-06-17T23:00:00Z
375,0,NULL,764,0,FINISHED,814,1974-06-17T23:00:00Z
375,1,NULL,834,1,FINISHED,767,1974-06-17T23:00:00Z
375,1,NULL,758,1,FINISHED,817,1974-06-18T23:00:00Z
375,1,NULL,784,1,FINISHED,762,1974-06-18T23:00:00Z
375,0,NULL,792,0,FINISHED,756,1974-06-18T23:00:00Z
375,0,NULL,794,7,FINISHED,836,1974-06-18T23:00:00Z
375,0,NULL,764,3,FINISHED,835,1974-06-21T23:00:00Z
375,1,NULL,812,1,FINISHED,814,1974-06-21T23:00:00Z
375,1,NULL,821,0,FINISHED,834,1974-06-21T23:00:00Z
375,0,NULL,767,0,FINISHED,779,1974-06-21T23:00:00Z
375,4,NULL,836,1,FINISHED,762,1974-06-22T23:00:00Z
375,2,NULL,784,1,FINISHED,794,1974-06-22T23:00:00Z
375,3,NULL,758,0,FINISHED,792,1974-06-22T23:00:00Z
375,1,NULL,756,4,FINISHED,817,1974-06-22T23:00:00Z
375,4,NULL,762,0,FINISHED,756,1974-06-25T23:00:00Z
375,0,NULL,794,1,FINISHED,792,1974-06-25T23:00:00Z
375,0,NULL,821,2,FINISHED,812,1974-06-25T23:00:00Z
375,1,NULL,834,0,FINISHED,764,1974-06-25T23:00:00Z
375,0,NULL,756,2,FINISHED,834,1974-06-29T23:00:00Z
375,4,NULL,792,2,FINISHED,821,1974-06-29T23:00:00Z
375,2,NULL,812,1,FINISHED,794,1974-06-29T23:00:00Z
375,1,NULL,764,2,FINISHED,762,1974-06-29T23:00:00Z
375,1,NULL,834,1,FINISHED,762,1974-07-02T23:00:00Z
375,2,NULL,764,0,FINISHED,756,1974-07-02T23:00:00Z
375,0,NULL,821,1,FINISHED,794,1974-07-02T23:00:00Z
375,2,NULL,812,1,FINISHED,792,1974-07-02T23:00:00Z
375,0,NULL,794,1,FINISHED,764,1974-07-05T23:00:00Z
375,1,NULL,821,2,FINISHED,756,1974-07-06T23:00:00Z
381,0,NULL,794,0,FINISHED,821,1978-05-31T23:00:00Z
381,2,NULL,773,1,FINISHED,784,1978-06-01T23:00:00Z
381,3,NULL,769,1,FINISHED,802,1978-06-01T23:00:00Z
381,2,NULL,827,1,FINISHED,762,1978-06-01T23:00:00Z
381,3,NULL,595,0,FINISHED,756,1978-06-02T23:00:00Z
381,1,NULL,764,1,FINISHED,792,1978-06-02T23:00:00Z
381,2,NULL,760,1,FINISHED,816,1978-06-02T23:00:00Z
381,3,NULL,814,1,FINISHED,452,1978-06-02T23:00:00Z
381,6,NULL,769,0,FINISHED,821,1978-06-05T23:00:00Z
381,2,NULL,773,1,FINISHED,762,1978-06-05T23:00:00Z
381,1,NULL,802,0,FINISHED,794,1978-06-05T23:00:00Z
381,3,NULL,827,1,FINISHED,784,1978-06-05T23:00:00Z
381,1,NULL,792,0,FINISHED,816,1978-06-06T23:00:00Z
381,0,NULL,452,0,FINISHED,756,1978-06-06T23:00:00Z
381,0,NULL,760,0,FINISHED,764,1978-06-06T23:00:00Z
381,1,NULL,595,1,FINISHED,814,1978-06-06T23:00:00Z
381,0,NULL,802,0,FINISHED,821,1978-06-09T23:00:00Z
381,3,NULL,769,1,FINISHED,794,1978-06-09T23:00:00Z
381,1,NULL,762,0,FINISHED,784,1978-06-09T23:00:00Z
381,3,NULL,827,1,FINISHED,773,1978-06-09T23:00:00Z
381,4,NULL,595,1,FINISHED,452,1978-06-10T23:00:00Z
381,3,NULL,756,2,FINISHED,814,1978-06-10T23:00:00Z
381,1,NULL,792,0,FINISHED,760,1978-06-10T23:00:00Z
381,1,NULL,816,0,FINISHED,764,1978-06-10T23:00:00Z
381,0,NULL,784,0,FINISHED,821,1978-06-13T23:00:00Z
381,2,NULL,794,0,FINISHED,762,1978-06-13T23:00:00Z
381,3,NULL,452,0,FINISHED,764,1978-06-13T23:00:00Z
381,5,NULL,816,1,FINISHED,756,1978-06-13T23:00:00Z
381,2,NULL,756,2,FINISHED,821,1978-06-17T23:00:00Z
381,1,NULL,452,0,FINISHED,794,1978-06-17T23:00:00Z
381,0,NULL,764,0,FINISHED,762,1978-06-17T23:00:00Z
381,1,NULL,816,0,FINISHED,784,1978-06-17T23:00:00Z
381,3,NULL,821,2,FINISHED,816,1978-06-20T23:00:00Z
381,2,NULL,784,1,FINISHED,756,1978-06-20T23:00:00Z
381,6,NULL,452,0,FINISHED,762,1978-06-20T23:00:00Z
381,3,NULL,794,1,FINISHED,764,1978-06-20T23:00:00Z
381,2,NULL,784,1,FINISHED,764,1978-06-23T23:00:00Z
381,1,NULL,756,1,FINISHED,762,1978-06-24T23:00:00Z
373,0,NULL,805,1,FINISHED,762,1982-06-12T22:00:00Z
373,0,NULL,794,0,FINISHED,784,1982-06-13T22:00:00Z
373,2,NULL,823,1,FINISHED,764,1982-06-13T22:00:00Z
373,5,NULL,783,2,FINISHED,814,1982-06-14T22:00:00Z
373,0,NULL,830,1,FINISHED,827,1982-06-14T22:00:00Z
373,0,NULL,781,0,FINISHED,452,1982-06-14T22:00:00Z
373,1,NULL,789,1,FINISHED,760,1982-06-15T22:00:00Z
373,3,NULL,773,1,FINISHED,770,1982-06-15T22:00:00Z
373,1,NULL,778,2,FINISHED,821,1982-06-15T22:00:00Z
373,0,NULL,829,0,FINISHED,812,1982-06-16T22:00:00Z
373,1,NULL,831,1,FINISHED,822,1982-06-16T22:00:00Z
373,0,NULL,816,1,FINISHED,767,1982-06-16T22:00:00Z
373,1,NULL,832,1,FINISHED,784,1982-06-17T22:00:00Z
373,4,NULL,827,1,FINISHED,762,1982-06-17T22:00:00Z
373,4,NULL,814,1,FINISHED,764,1982-06-17T22:00:00Z
373,3,NULL,783,0,FINISHED,823,1982-06-18T22:00:00Z
373,0,NULL,781,0,FINISHED,794,1982-06-18T22:00:00Z
373,1,NULL,830,0,FINISHED,805,1982-06-18T22:00:00Z
373,2,NULL,822,0,FINISHED,770,1982-06-19T22:00:00Z
373,2,NULL,812,1,FINISHED,760,1982-06-19T22:00:00Z
373,4,NULL,767,1,FINISHED,821,1982-06-19T22:00:00Z
373,0,NULL,816,2,FINISHED,778,1982-06-20T22:00:00Z
373,4,NULL,831,1,FINISHED,773,1982-06-20T22:00:00Z
373,1,NULL,829,1,FINISHED,789,1982-06-20T22:00:00Z
373,5,NULL,832,1,FINISHED,794,1982-06-21T22:00:00Z
373,1,NULL,827,1,FINISHED,805,1982-06-21T22:00:00Z
373,2,NULL,814,2,FINISHED,823,1982-06-21T22:00:00Z
373,1,NULL,781,1,FINISHED,784,1982-06-22T22:00:00Z
373,2,NULL,830,0,FINISHED,762,1982-06-22T22:00:00Z
373,4,NULL,783,0,FINISHED,764,1982-06-22T22:00:00Z
373,0,NULL,812,1,FINISHED,789,1982-06-23T22:00:00Z
373,1,NULL,822,1,FINISHED,773,1982-06-23T22:00:00Z
373,3,NULL,767,2,FINISHED,778,1982-06-23T22:00:00Z
373,1,NULL,760,0,FINISHED,829,1982-06-24T22:00:00Z
373,1,NULL,816,0,FINISHED,821,1982-06-24T22:00:00Z
373,1,NULL,831,0,FINISHED,770,1982-06-24T22:00:00Z
373,0,NULL,773,1,FINISHED,816,1982-06-27T22:00:00Z
373,3,NULL,805,0,FINISHED,794,1982-06-27T22:00:00Z
373,2,NULL,762,1,FINISHED,784,1982-06-28T22:00:00Z
373,0,NULL,770,0,FINISHED,821,1982-06-28T22:00:00Z
373,0,NULL,823,1,FINISHED,805,1982-06-30T22:00:00Z
373,2,NULL,829,2,FINISHED,816,1982-06-30T22:00:00Z
373,1,NULL,764,3,FINISHED,762,1982-07-01T22:00:00Z
373,2,NULL,760,1,FINISHED,821,1982-07-01T22:00:00Z
373,4,NULL,829,1,FINISHED,773,1982-07-03T22:00:00Z
373,0,NULL,823,0,FINISHED,794,1982-07-03T22:00:00Z
373,0,NULL,770,0,FINISHED,760,1982-07-04T22:00:00Z
373,3,NULL,764,2,FINISHED,784,1982-07-04T22:00:00Z
373,3,NULL,773,3,FINISHED,759,1982-07-07T22:00:00Z
373,0,NULL,784,2,FINISHED,794,1982-07-07T22:00:00Z
373,3,NULL,773,2,FINISHED,794,1982-07-09T22:00:00Z
373,3,NULL,821,1,FINISHED,784,1982-07-10T22:00:00Z
372,1,NULL,784,1,FINISHED,817,1986-05-30T22:00:00Z
372,0,NULL,764,1,FINISHED,760,1986-05-31T22:00:00Z
372,0,NULL,773,1,FINISHED,828,1986-05-31T22:00:00Z
372,6,NULL,827,0,FINISHED,823,1986-06-01T22:00:00Z
372,3,NULL,772,1,FINISHED,762,1986-06-01T22:00:00Z
372,0,NULL,794,0,FINISHED,815,1986-06-01T22:00:00Z
372,1,NULL,829,1,FINISHED,778,1986-06-02T22:00:00Z
372,1,NULL,770,0,FINISHED,765,1986-06-02T22:00:00Z
372,1,NULL,769,2,FINISHED,805,1986-06-02T22:00:00Z
372,1,NULL,821,1,FINISHED,758,1986-06-03T22:00:00Z
372,0,NULL,782,1,FINISHED,814,1986-06-03T22:00:00Z
372,1,NULL,826,0,FINISHED,761,1986-06-03T22:00:00Z
372,1,NULL,823,1,FINISHED,773,1986-06-04T22:00:00Z
372,1,NULL,762,1,FINISHED,784,1986-06-04T22:00:00Z
372,1,NULL,817,1,FINISHED,772,1986-06-04T22:00:00Z
372,1,NULL,778,0,FINISHED,764,1986-06-05T22:00:00Z
372,0,NULL,815,0,FINISHED,770,1986-06-05T22:00:00Z
372,2,NULL,828,0,FINISHED,827,1986-06-05T22:00:00Z
372,1,NULL,760,2,FINISHED,829,1986-06-06T22:00:00Z
372,1,NULL,761,1,FINISHED,769,1986-06-06T22:00:00Z
372,1,NULL,765,0,FINISHED,794,1986-06-06T22:00:00Z
372,6,NULL,758,1,FINISHED,782,1986-06-07T22:00:00Z
372,2,NULL,814,1,FINISHED,821,1986-06-07T22:00:00Z
372,1,NULL,805,2,FINISHED,826,1986-06-07T22:00:00Z
372,2,NULL,828,0,FINISHED,823,1986-06-08T22:00:00Z
372,0,NULL,773,3,FINISHED,827,1986-06-08T22:00:00Z
372,2,NULL,784,3,FINISHED,772,1986-06-09T22:00:00Z
372,2,NULL,817,0,FINISHED,762,1986-06-09T22:00:00Z
372,1,NULL,815,3,FINISHED,765,1986-06-10T22:00:00Z
372,3,NULL,794,0,FINISHED,770,1986-06-10T22:00:00Z
372,2,NULL,805,2,FINISHED,761,1986-06-10T22:00:00Z
372,0,NULL,769,1,FINISHED,826,1986-06-10T22:00:00Z
372,0,NULL,760,3,FINISHED,778,1986-06-11T22:00:00Z
372,0,NULL,764,3,FINISHED,829,1986-06-11T22:00:00Z
372,0,NULL,758,0,FINISHED,814,1986-06-12T22:00:00Z
372,2,NULL,821,0,FINISHED,782,1986-06-12T22:00:00Z
372,2,NULL,805,2,FINISHED,823,1986-06-14T22:00:00Z
372,2,NULL,817,0,FINISHED,769,1986-06-14T22:00:00Z
372,1,NULL,758,0,FINISHED,762,1986-06-15T22:00:00Z
372,4,NULL,794,0,FINISHED,764,1986-06-15T22:00:00Z
372,0,NULL,821,1,FINISHED,815,1986-06-16T22:00:00Z
372,0,NULL,773,2,FINISHED,784,1986-06-16T22:00:00Z
372,3,NULL,761,0,FINISHED,770,1986-06-17T22:00:00Z
372,1,NULL,760,5,FINISHED,782,1986-06-17T22:00:00Z
372,0,NULL,769,0,FINISHED,759,1986-06-20T22:00:00Z
372,1,NULL,773,1,FINISHED,764,1986-06-20T22:00:00Z
372,1,NULL,805,1,FINISHED,760,1986-06-21T22:00:00Z
372,2,NULL,770,1,FINISHED,762,1986-06-21T22:00:00Z
372,0,NULL,821,2,FINISHED,773,1986-06-24T22:00:00Z
372,2,NULL,805,0,FINISHED,762,1986-06-24T22:00:00Z
372,2,NULL,805,2,FINISHED,773,1986-06-27T22:00:00Z
372,3,NULL,821,2,FINISHED,762,1986-06-28T22:00:00Z
371,0,NULL,781,1,FINISHED,762,1990-06-07T22:00:00Z
371,0,NULL,818,2,FINISHED,824,1990-06-08T22:00:00Z
371,1,NULL,816,0,FINISHED,784,1990-06-08T22:00:00Z
371,0,NULL,811,2,FINISHED,823,1990-06-08T22:00:00Z
371,4,NULL,812,1,FINISHED,821,1990-06-09T22:00:00Z
371,2,NULL,792,1,FINISHED,764,1990-06-09T22:00:00Z
371,1,NULL,822,5,FINISHED,771,1990-06-09T22:00:00Z
371,1,NULL,814,0,FINISHED,793,1990-06-10T22:00:00Z
371,1,NULL,806,1,FINISHED,770,1990-06-10T22:00:00Z
371,1,NULL,825,1,FINISHED,756,1990-06-11T22:00:00Z
371,2,NULL,772,0,FINISHED,805,1990-06-11T22:00:00Z
371,0,NULL,760,0,FINISHED,758,1990-06-12T22:00:00Z
371,1,NULL,771,0,FINISHED,784,1990-06-13T22:00:00Z
371,2,NULL,811,1,FINISHED,781,1990-06-13T22:00:00Z
371,1,NULL,818,0,FINISHED,812,1990-06-13T22:00:00Z
371,2,NULL,823,0,FINISHED,762,1990-06-13T22:00:00Z
371,0,NULL,822,1,FINISHED,816,1990-06-14T22:00:00Z
371,5,NULL,824,1,FINISHED,821,1990-06-14T22:00:00Z
371,1,NULL,793,0,FINISHED,764,1990-06-15T22:00:00Z
371,1,NULL,814,2,FINISHED,792,1990-06-15T22:00:00Z
371,0,NULL,756,0,FINISHED,770,1990-06-15T22:00:00Z
371,0,NULL,825,0,FINISHED,806,1990-06-16T22:00:00Z
371,1,NULL,760,3,FINISHED,772,1990-06-16T22:00:00Z
371,3,NULL,758,1,FINISHED,805,1990-06-16T22:00:00Z
371,0,NULL,823,4,FINISHED,781,1990-06-17T22:00:00Z
371,1,NULL,811,1,FINISHED,762,1990-06-17T22:00:00Z
371,4,NULL,824,1,FINISHED,812,1990-06-18T22:00:00Z
371,2,NULL,771,1,FINISHED,816,1990-06-18T22:00:00Z
371,1,NULL,818,1,FINISHED,821,1990-06-18T22:00:00Z
371,2,NULL,822,0,FINISHED,784,1990-06-18T22:00:00Z
371,1,NULL,814,0,FINISHED,764,1990-06-19T22:00:00Z
371,1,NULL,793,2,FINISHED,792,1990-06-19T22:00:00Z
371,1,NULL,760,2,FINISHED,805,1990-06-20T22:00:00Z
371,1,NULL,756,1,FINISHED,806,1990-06-20T22:00:00Z
371,0,NULL,758,1,FINISHED,772,1990-06-20T22:00:00Z
371,1,NULL,825,0,FINISHED,770,1990-06-20T22:00:00Z
371,0,NULL,818,0,FINISHED,781,1990-06-22T22:00:00Z
371,4,NULL,793,1,FINISHED,822,1990-06-22T22:00:00Z
371,0,NULL,762,1,FINISHED,764,1990-06-23T22:00:00Z
371,2,NULL,756,1,FINISHED,821,1990-06-23T22:00:00Z
371,2,NULL,758,0,FINISHED,784,1990-06-24T22:00:00Z
371,0,NULL,811,0,FINISHED,806,1990-06-24T22:00:00Z
371,1,NULL,812,1,FINISHED,760,1990-06-25T22:00:00Z
371,0,NULL,805,0,FINISHED,770,1990-06-25T22:00:00Z
371,0,NULL,762,0,FINISHED,812,1990-06-29T22:00:00Z
371,1,NULL,806,0,FINISHED,784,1990-06-29T22:00:00Z
371,1,NULL,822,0,FINISHED,821,1990-06-30T22:00:00Z
371,2,NULL,781,2,FINISHED,770,1990-06-30T22:00:00Z
371,1,NULL,762,1,FINISHED,784,1990-07-02T22:00:00Z
371,1,NULL,770,1,FINISHED,759,1990-07-03T22:00:00Z
371,2,NULL,770,1,FINISHED,784,1990-07-06T22:00:00Z
371,1,NULL,762,0,FINISHED,821,1990-07-07T22:00:00Z
370,1,NULL,820,0,FINISHED,759,1994-06-16T22:00:00Z
370,0,NULL,806,1,FINISHED,784,1994-06-17T22:00:00Z
370,1,NULL,788,1,FINISHED,771,1994-06-17T22:00:00Z
370,2,NULL,772,2,FINISHED,760,1994-06-17T22:00:00Z
370,1,NULL,769,0,FINISHED,813,1994-06-18T22:00:00Z
370,1,NULL,811,3,FINISHED,818,1994-06-18T22:00:00Z
370,1,NULL,815,0,FINISHED,805,1994-06-18T22:00:00Z
370,2,NULL,808,0,FINISHED,764,1994-06-19T22:00:00Z
370,2,NULL,801,1,FINISHED,756,1994-06-19T22:00:00Z
370,2,NULL,792,2,FINISHED,781,1994-06-19T22:00:00Z
370,1,NULL,760,1,FINISHED,759,1994-06-20T22:00:00Z
370,4,NULL,775,0,FINISHED,762,1994-06-20T22:00:00Z
370,1,NULL,788,4,FINISHED,811,1994-06-21T22:00:00Z
370,3,NULL,817,0,FINISHED,776,1994-06-21T22:00:00Z
370,2,NULL,818,1,FINISHED,771,1994-06-22T22:00:00Z
370,1,NULL,813,0,FINISHED,784,1994-06-22T22:00:00Z
370,2,NULL,806,1,FINISHED,769,1994-06-23T22:00:00Z
370,3,NULL,781,0,FINISHED,764,1994-06-23T22:00:00Z
370,3,NULL,808,1,FINISHED,792,1994-06-23T22:00:00Z
370,0,NULL,820,0,FINISHED,772,1994-06-23T22:00:00Z
370,1,NULL,756,0,FINISHED,805,1994-06-24T22:00:00Z
370,2,NULL,776,1,FINISHED,762,1994-06-24T22:00:00Z
370,2,NULL,815,1,FINISHED,801,1994-06-24T22:00:00Z
370,4,NULL,775,0,FINISHED,817,1994-06-25T22:00:00Z
370,0,NULL,811,1,FINISHED,771,1994-06-25T22:00:00Z
370,0,NULL,818,2,FINISHED,788,1994-06-25T22:00:00Z
370,3,NULL,772,2,FINISHED,759,1994-06-26T22:00:00Z
370,1,NULL,760,3,FINISHED,820,1994-06-26T22:00:00Z
370,1,NULL,769,1,FINISHED,784,1994-06-27T22:00:00Z
370,0,NULL,813,0,FINISHED,806,1994-06-27T22:00:00Z
370,6,NULL,781,1,FINISHED,808,1994-06-27T22:00:00Z
370,1,NULL,792,1,FINISHED,764,1994-06-27T22:00:00Z
370,0,NULL,801,1,FINISHED,805,1994-06-28T22:00:00Z
370,1,NULL,756,2,FINISHED,815,1994-06-28T22:00:00Z
370,0,NULL,817,2,FINISHED,762,1994-06-30T22:00:00Z
370,0,NULL,776,2,FINISHED,775,1994-06-30T22:00:00Z
370,3,NULL,805,2,FINISHED,759,1994-07-01T22:00:00Z
370,3,NULL,788,0,FINISHED,760,1994-07-01T22:00:00Z
370,1,NULL,792,3,FINISHED,801,1994-07-02T22:00:00Z
370,3,NULL,762,2,FINISHED,811,1994-07-02T22:00:00Z
370,2,NULL,806,0,FINISHED,756,1994-07-03T22:00:00Z
370,1,NULL,771,0,FINISHED,764,1994-07-03T22:00:00Z
370,1,NULL,817,1,FINISHED,769,1994-07-04T22:00:00Z
370,1,NULL,784,1,FINISHED,776,1994-07-04T22:00:00Z
370,2,NULL,764,3,FINISHED,756,1994-07-08T22:00:00Z
370,2,NULL,760,1,FINISHED,784,1994-07-08T22:00:00Z
370,2,NULL,759,1,FINISHED,817,1994-07-09T22:00:00Z
370,0,NULL,764,1,FINISHED,792,1994-07-12T22:00:00Z
370,1,NULL,784,2,FINISHED,817,1994-07-12T22:00:00Z
370,4,NULL,817,0,FINISHED,792,1994-07-15T22:00:00Z
370,0,NULL,784,0,FINISHED,764,1994-07-16T22:00:00Z
370,1,NULL,792,1,FINISHED,811,1998-07-09T22:00:00Z
369,2,NULL,813,2,FINISHED,815,1998-06-09T22:00:00Z
369,2,NULL,814,1,FINISHED,764,1998-06-09T22:00:00Z
369,2,NULL,767,2,FINISHED,784,1998-06-10T22:00:00Z
369,1,NULL,816,1,FINISHED,781,1998-06-10T22:00:00Z
369,3,NULL,774,0,FINISHED,773,1998-06-11T22:00:00Z
369,0,NULL,817,0,FINISHED,761,1998-06-11T22:00:00Z
369,0,NULL,782,1,FINISHED,801,1998-06-11T22:00:00Z
369,0,NULL,805,0,FINISHED,756,1998-06-12T22:00:00Z
369,2,NULL,776,3,FINISHED,760,1998-06-12T22:00:00Z
369,1,NULL,769,3,FINISHED,772,1998-06-12T22:00:00Z
369,1,NULL,840,0,FINISHED,812,1998-06-13T22:00:00Z
369,1,NULL,766,0,FINISHED,762,1998-06-13T22:00:00Z
369,1,NULL,799,3,FINISHED,819,1998-06-13T22:00:00Z
369,1,NULL,818,0,FINISHED,811,1998-06-14T22:00:00Z
369,2,NULL,771,0,FINISHED,759,1998-06-14T22:00:00Z
369,2,NULL,802,0,FINISHED,770,1998-06-14T22:00:00Z
369,1,NULL,813,1,FINISHED,814,1998-06-15T22:00:00Z
369,3,NULL,815,0,FINISHED,764,1998-06-15T22:00:00Z
369,3,NULL,781,0,FINISHED,784,1998-06-16T22:00:00Z
369,1,NULL,816,1,FINISHED,767,1998-06-16T22:00:00Z
369,1,NULL,782,1,FINISHED,774,1998-06-17T22:00:00Z
369,4,NULL,801,0,FINISHED,773,1998-06-17T22:00:00Z
369,0,NULL,761,0,FINISHED,760,1998-06-18T22:00:00Z
369,1,NULL,817,0,FINISHED,776,1998-06-18T22:00:00Z
369,2,NULL,769,2,FINISHED,805,1998-06-19T22:00:00Z
369,5,NULL,772,0,FINISHED,756,1998-06-19T22:00:00Z
369,0,NULL,799,1,FINISHED,766,1998-06-19T22:00:00Z
369,1,NULL,840,2,FINISHED,771,1998-06-20T22:00:00Z
369,2,NULL,812,2,FINISHED,759,1998-06-20T22:00:00Z
369,5,NULL,819,0,FINISHED,762,1998-06-20T22:00:00Z
369,1,NULL,802,0,FINISHED,818,1998-06-21T22:00:00Z
369,2,NULL,770,1,FINISHED,811,1998-06-21T22:00:00Z
369,0,NULL,815,3,FINISHED,814,1998-06-22T22:00:00Z
369,1,NULL,813,2,FINISHED,764,1998-06-22T22:00:00Z
369,1,NULL,781,1,FINISHED,767,1998-06-22T22:00:00Z
369,2,NULL,816,1,FINISHED,784,1998-06-22T22:00:00Z
369,6,NULL,817,1,FINISHED,760,1998-06-23T22:00:00Z
369,2,NULL,782,1,FINISHED,773,1998-06-23T22:00:00Z
369,2,NULL,801,2,FINISHED,774,1998-06-23T22:00:00Z
369,1,NULL,761,3,FINISHED,776,1998-06-23T22:00:00Z
369,2,NULL,840,0,FINISHED,759,1998-06-24T22:00:00Z
369,1,NULL,772,1,FINISHED,805,1998-06-24T22:00:00Z
369,0,NULL,812,1,FINISHED,771,1998-06-24T22:00:00Z
369,2,NULL,769,2,FINISHED,756,1998-06-24T22:00:00Z
369,0,NULL,770,2,FINISHED,818,1998-06-25T22:00:00Z
369,1,NULL,802,1,FINISHED,811,1998-06-25T22:00:00Z
369,1,NULL,819,2,FINISHED,766,1998-06-25T22:00:00Z
369,1,NULL,799,0,FINISHED,762,1998-06-25T22:00:00Z
369,4,NULL,767,1,FINISHED,764,1998-06-26T22:00:00Z
369,1,NULL,813,0,FINISHED,784,1998-06-26T22:00:00Z
369,0,NULL,761,0,FINISHED,773,1998-06-27T22:00:00Z
369,1,NULL,782,4,FINISHED,776,1998-06-27T22:00:00Z
369,2,NULL,812,1,FINISHED,756,1998-06-28T22:00:00Z
369,2,NULL,769,1,FINISHED,759,1998-06-28T22:00:00Z
369,0,NULL,799,1,FINISHED,811,1998-06-29T22:00:00Z
369,2,NULL,770,2,FINISHED,762,1998-06-29T22:00:00Z
369,3,NULL,782,2,FINISHED,764,1998-07-02T22:00:00Z
369,0,NULL,773,0,FINISHED,784,1998-07-02T22:00:00Z
369,0,NULL,799,3,FINISHED,759,1998-07-03T22:00:00Z
369,2,NULL,762,1,FINISHED,756,1998-07-03T22:00:00Z
369,1,NULL,756,1,FINISHED,764,1998-07-06T22:00:00Z
369,2,NULL,799,1,FINISHED,773,1998-07-07T22:00:00Z
369,1,NULL,799,2,FINISHED,756,1998-07-10T22:00:00Z
369,0,NULL,773,3,FINISHED,764,1998-07-11T22:00:00Z
367,0,NULL,804,1,FINISHED,773,2002-05-30T22:00:00Z
367,8,NULL,801,0,FINISHED,759,2002-05-31T22:00:00Z
367,1,NULL,781,1,FINISHED,806,2002-05-31T22:00:00Z
367,1,NULL,782,2,FINISHED,758,2002-05-31T22:00:00Z
367,2,NULL,774,2,FINISHED,761,2002-06-01T22:00:00Z
367,1,NULL,776,0,FINISHED,762,2002-06-01T22:00:00Z
367,1,NULL,792,1,FINISHED,770,2002-06-01T22:00:00Z
367,3,NULL,777,1,FINISHED,760,2002-06-01T22:00:00Z
367,2,NULL,803,1,FINISHED,764,2002-06-02T22:00:00Z
367,2,NULL,791,0,FINISHED,784,2002-06-02T22:00:00Z
367,0,NULL,769,1,FINISHED,799,2002-06-02T22:00:00Z
367,0,NULL,793,2,FINISHED,807,2002-06-03T22:00:00Z
367,2,NULL,794,0,FINISHED,772,2002-06-03T22:00:00Z
367,2,NULL,805,2,FINISHED,766,2002-06-03T22:00:00Z
367,3,NULL,765,2,FINISHED,771,2002-06-04T22:00:00Z
367,2,NULL,802,0,FINISHED,808,2002-06-04T22:00:00Z
367,1,NULL,806,1,FINISHED,759,2002-06-04T22:00:00Z
367,0,NULL,758,0,FINISHED,773,2002-06-05T22:00:00Z
367,1,NULL,801,0,FINISHED,781,2002-06-05T22:00:00Z
367,1,NULL,804,1,FINISHED,782,2002-06-05T22:00:00Z
367,0,NULL,770,1,FINISHED,762,2002-06-06T22:00:00Z
367,2,NULL,776,1,FINISHED,792,2002-06-06T22:00:00Z
367,3,NULL,761,1,FINISHED,760,2002-06-06T22:00:00Z
367,4,NULL,807,0,FINISHED,764,2002-06-07T22:00:00Z
367,1,NULL,777,0,FINISHED,774,2002-06-07T22:00:00Z
367,1,NULL,799,2,FINISHED,784,2002-06-07T22:00:00Z
367,1,NULL,803,1,FINISHED,793,2002-06-08T22:00:00Z
367,1,NULL,808,0,FINISHED,766,2002-06-08T22:00:00Z
367,2,NULL,791,1,FINISHED,769,2002-06-08T22:00:00Z
367,4,NULL,794,0,FINISHED,765,2002-06-09T22:00:00Z
367,1,NULL,805,1,FINISHED,802,2002-06-09T22:00:00Z
367,1,NULL,771,1,FINISHED,772,2002-06-09T22:00:00Z
367,0,NULL,759,2,FINISHED,781,2002-06-10T22:00:00Z
367,3,NULL,758,3,FINISHED,804,2002-06-10T22:00:00Z
367,2,NULL,773,0,FINISHED,782,2002-06-10T22:00:00Z
367,0,NULL,806,3,FINISHED,801,2002-06-10T22:00:00Z
367,1,NULL,762,1,FINISHED,792,2002-06-11T22:00:00Z
367,0,NULL,770,0,FINISHED,776,2002-06-11T22:00:00Z
367,2,NULL,760,3,FINISHED,774,2002-06-11T22:00:00Z
367,1,NULL,761,3,FINISHED,777,2002-06-11T22:00:00Z
367,2,NULL,764,5,FINISHED,793,2002-06-12T22:00:00Z
367,3,NULL,807,0,FINISHED,803,2002-06-12T22:00:00Z
367,1,NULL,799,0,FINISHED,791,2002-06-12T22:00:00Z
367,1,NULL,784,1,FINISHED,769,2002-06-12T22:00:00Z
367,3,NULL,808,2,FINISHED,805,2002-06-13T22:00:00Z
367,0,NULL,772,1,FINISHED,765,2002-06-13T22:00:00Z
367,0,NULL,766,2,FINISHED,802,2002-06-13T22:00:00Z
367,3,NULL,771,1,FINISHED,794,2002-06-13T22:00:00Z
367,0,NULL,770,3,FINISHED,782,2002-06-14T22:00:00Z
367,1,NULL,761,0,FINISHED,759,2002-06-14T22:00:00Z
367,1,NULL,806,1,FINISHED,760,2002-06-15T22:00:00Z
367,1,NULL,804,1,FINISHED,792,2002-06-15T22:00:00Z
367,2,NULL,805,0,FINISHED,764,2002-06-16T22:00:00Z
367,0,NULL,771,2,FINISHED,769,2002-06-16T22:00:00Z
367,1,NULL,784,1,FINISHED,772,2002-06-17T22:00:00Z
367,0,NULL,803,1,FINISHED,766,2002-06-17T22:00:00Z
367,1,NULL,771,0,FINISHED,759,2002-06-20T22:00:00Z
367,1,NULL,764,2,FINISHED,770,2002-06-20T22:00:00Z
367,0,NULL,803,0,FINISHED,804,2002-06-21T22:00:00Z
367,0,NULL,772,0,FINISHED,760,2002-06-21T22:00:00Z
367,1,NULL,772,0,FINISHED,759,2002-06-24T22:00:00Z
367,1,NULL,803,0,FINISHED,764,2002-06-25T22:00:00Z
367,2,NULL,803,3,FINISHED,772,2002-06-28T22:00:00Z
367,0,NULL,764,2,FINISHED,759,2002-06-29T22:00:00Z
366,0,NULL,791,2,FINISHED,794,2006-06-08T22:00:00Z
366,4,NULL,793,2,FINISHED,759,2006-06-08T22:00:00Z
366,2,NULL,787,1,FINISHED,762,2006-06-09T22:00:00Z
366,1,NULL,761,0,FINISHED,770,2006-06-09T22:00:00Z
366,0,NULL,792,0,FINISHED,795,2006-06-09T22:00:00Z
366,3,NULL,595,1,FINISHED,769,2006-06-10T22:00:00Z
366,0,NULL,756,1,FINISHED,796,2006-06-10T22:00:00Z
366,0,NULL,765,1,FINISHED,797,2006-06-10T22:00:00Z
366,3,NULL,766,1,FINISHED,779,2006-06-11T22:00:00Z
366,0,NULL,798,3,FINISHED,771,2006-06-11T22:00:00Z
366,2,NULL,763,0,FINISHED,784,2006-06-11T22:00:00Z
366,1,NULL,799,0,FINISHED,764,2006-06-12T22:00:00Z
366,0,NULL,788,0,FINISHED,773,2006-06-12T22:00:00Z
366,2,NULL,800,1,FINISHED,772,2006-06-12T22:00:00Z
366,1,NULL,794,0,FINISHED,759,2006-06-13T22:00:00Z
366,2,NULL,801,2,FINISHED,802,2006-06-13T22:00:00Z
366,4,NULL,790,0,FINISHED,760,2006-06-13T22:00:00Z
366,2,NULL,795,0,FINISHED,770,2006-06-14T22:00:00Z
366,3,NULL,793,0,FINISHED,791,2006-06-14T22:00:00Z
366,1,NULL,761,0,FINISHED,792,2006-06-14T22:00:00Z
366,0,NULL,797,0,FINISHED,769,2006-06-15T22:00:00Z
366,6,NULL,796,0,FINISHED,762,2006-06-15T22:00:00Z
366,2,NULL,787,1,FINISHED,756,2006-06-15T22:00:00Z
366,0,NULL,763,2,FINISHED,798,2006-06-16T22:00:00Z
366,1,NULL,771,1,FINISHED,784,2006-06-16T22:00:00Z
366,2,NULL,595,0,FINISHED,765,2006-06-16T22:00:00Z
366,2,NULL,779,0,FINISHED,764,2006-06-17T22:00:00Z
366,0,NULL,799,0,FINISHED,766,2006-06-17T22:00:00Z
366,1,NULL,772,1,FINISHED,773,2006-06-17T22:00:00Z
366,0,NULL,788,2,FINISHED,800,2006-06-18T22:00:00Z
366,3,NULL,802,1,FINISHED,760,2006-06-18T22:00:00Z
366,0,NULL,790,4,FINISHED,801,2006-06-18T22:00:00Z
366,2,NULL,770,2,FINISHED,792,2006-06-19T22:00:00Z
366,2,NULL,795,0,FINISHED,761,2006-06-19T22:00:00Z
366,0,NULL,759,3,FINISHED,791,2006-06-19T22:00:00Z
366,1,NULL,794,2,FINISHED,793,2006-06-19T22:00:00Z
366,0,NULL,762,0,FINISHED,756,2006-06-20T22:00:00Z
366,2,NULL,769,1,FINISHED,765,2006-06-20T22:00:00Z
366,1,NULL,797,1,FINISHED,595,2006-06-20T22:00:00Z
366,3,NULL,796,2,FINISHED,787,2006-06-20T22:00:00Z
366,2,NULL,779,2,FINISHED,799,2006-06-21T22:00:00Z
366,2,NULL,771,1,FINISHED,763,2006-06-21T22:00:00Z
366,1,NULL,764,4,FINISHED,766,2006-06-21T22:00:00Z
366,0,NULL,784,2,FINISHED,798,2006-06-21T22:00:00Z
366,1,NULL,802,0,FINISHED,790,2006-06-22T22:00:00Z
366,0,NULL,760,1,FINISHED,801,2006-06-22T22:00:00Z
366,0,NULL,773,2,FINISHED,800,2006-06-22T22:00:00Z
366,2,NULL,772,0,FINISHED,788,2006-06-22T22:00:00Z
366,2,NULL,792,0,FINISHED,759,2006-06-23T22:00:00Z
366,1,NULL,769,1,FINISHED,762,2006-06-23T22:00:00Z
366,1,NULL,756,0,FINISHED,765,2006-06-24T22:00:00Z
366,1,NULL,791,0,FINISHED,770,2006-06-24T22:00:00Z
366,1,NULL,779,0,FINISHED,784,2006-06-25T22:00:00Z
366,0,NULL,790,0,FINISHED,788,2006-06-25T22:00:00Z
366,3,NULL,763,0,FINISHED,764,2006-06-26T22:00:00Z
366,1,NULL,773,3,FINISHED,760,2006-06-26T22:00:00Z
366,3,NULL,790,0,FINISHED,784,2006-06-29T22:00:00Z
366,1,NULL,762,1,FINISHED,759,2006-06-29T22:00:00Z
366,0,NULL,773,1,FINISHED,764,2006-06-30T22:00:00Z
366,0,NULL,765,0,FINISHED,770,2006-06-30T22:00:00Z
366,0,NULL,784,0,FINISHED,759,2006-07-03T22:00:00Z
366,0,NULL,773,1,FINISHED,765,2006-07-04T22:00:00Z
366,3,NULL,765,1,FINISHED,759,2006-07-07T22:00:00Z
366,1,NULL,773,1,FINISHED,784,2006-07-08T22:00:00Z
365,0,NULL,773,0,FINISHED,758,2010-06-10T22:00:00Z
365,1,NULL,769,1,FINISHED,774,2010-06-10T22:00:00Z
365,1,NULL,771,1,FINISHED,770,2010-06-11T22:00:00Z
365,2,NULL,775,0,FINISHED,772,2010-06-11T22:00:00Z
365,1,NULL,776,0,FINISHED,762,2010-06-11T22:00:00Z
365,0,NULL,763,1,FINISHED,780,2010-06-12T22:00:00Z
365,0,NULL,777,1,FINISHED,778,2010-06-12T22:00:00Z
365,4,NULL,779,0,FINISHED,759,2010-06-12T22:00:00Z
365,1,NULL,761,1,FINISHED,784,2010-06-13T22:00:00Z
365,2,NULL,782,0,FINISHED,756,2010-06-13T22:00:00Z
365,1,NULL,781,0,FINISHED,766,2010-06-13T22:00:00Z
365,1,NULL,768,1,FINISHED,783,2010-06-14T22:00:00Z
365,2,NULL,785,1,FINISHED,764,2010-06-14T22:00:00Z
365,0,NULL,765,0,FINISHED,787,2010-06-14T22:00:00Z
365,0,NULL,758,3,FINISHED,774,2010-06-15T22:00:00Z
365,0,NULL,788,1,FINISHED,760,2010-06-15T22:00:00Z
365,0,NULL,767,1,FINISHED,789,2010-06-15T22:00:00Z
365,4,NULL,772,1,FINISHED,762,2010-06-16T22:00:00Z
365,0,NULL,769,2,FINISHED,773,2010-06-16T22:00:00Z
365,2,NULL,776,1,FINISHED,775,2010-06-16T22:00:00Z
365,0,NULL,780,1,FINISHED,759,2010-06-17T22:00:00Z
365,2,NULL,771,2,FINISHED,777,2010-06-17T22:00:00Z
365,0,NULL,778,0,FINISHED,770,2010-06-17T22:00:00Z
365,1,NULL,766,0,FINISHED,756,2010-06-18T22:00:00Z
365,1,NULL,782,2,FINISHED,781,2010-06-18T22:00:00Z
365,1,NULL,779,1,FINISHED,763,2010-06-18T22:00:00Z
365,1,NULL,783,1,FINISHED,784,2010-06-19T22:00:00Z
365,0,NULL,761,2,FINISHED,768,2010-06-19T22:00:00Z
365,3,NULL,787,1,FINISHED,764,2010-06-19T22:00:00Z
365,7,NULL,785,0,FINISHED,765,2010-06-20T22:00:00Z
365,2,NULL,789,0,FINISHED,760,2010-06-20T22:00:00Z
365,1,NULL,788,0,FINISHED,767,2010-06-20T22:00:00Z
365,2,NULL,772,2,FINISHED,776,2010-06-21T22:00:00Z
365,0,NULL,762,2,FINISHED,775,2010-06-21T22:00:00Z
365,0,NULL,758,1,FINISHED,769,2010-06-21T22:00:00Z
365,1,NULL,774,2,FINISHED,773,2010-06-21T22:00:00Z
365,1,NULL,778,0,FINISHED,771,2010-06-22T22:00:00Z
365,0,NULL,759,1,FINISHED,763,2010-06-22T22:00:00Z
365,2,NULL,780,1,FINISHED,779,2010-06-22T22:00:00Z
365,0,NULL,770,1,FINISHED,777,2010-06-22T22:00:00Z
365,0,NULL,783,0,FINISHED,761,2010-06-23T22:00:00Z
365,1,NULL,766,3,FINISHED,782,2010-06-23T22:00:00Z
365,3,NULL,784,2,FINISHED,768,2010-06-23T22:00:00Z
365,1,NULL,756,2,FINISHED,781,2010-06-23T22:00:00Z
365,0,NULL,789,0,FINISHED,788,2010-06-24T22:00:00Z
365,1,NULL,760,2,FINISHED,767,2010-06-24T22:00:00Z
365,0,NULL,764,0,FINISHED,765,2010-06-24T22:00:00Z
365,0,NULL,787,3,FINISHED,785,2010-06-24T22:00:00Z
365,2,NULL,772,1,FINISHED,758,2010-06-25T22:00:00Z
365,3,NULL,769,1,FINISHED,762,2010-06-26T22:00:00Z
365,4,NULL,770,1,FINISHED,759,2010-06-26T22:00:00Z
365,2,NULL,768,1,FINISHED,756,2010-06-27T22:00:00Z
365,3,NULL,767,0,FINISHED,764,2010-06-27T22:00:00Z
365,0,NULL,766,0,FINISHED,761,2010-06-28T22:00:00Z
365,1,NULL,765,0,FINISHED,760,2010-06-28T22:00:00Z
365,1,NULL,763,1,FINISHED,758,2010-07-01T22:00:00Z
365,1,NULL,763,1,FINISHED,771,2010-07-01T22:00:00Z
365,2,NULL,764,1,FINISHED,756,2010-07-01T22:00:00Z
365,0,NULL,760,1,FINISHED,761,2010-07-02T22:00:00Z
365,0,NULL,759,4,FINISHED,762,2010-07-02T22:00:00Z
365,2,NULL,756,3,FINISHED,758,2010-07-05T22:00:00Z
365,0,NULL,760,1,FINISHED,759,2010-07-06T22:00:00Z
365,2,NULL,759,3,FINISHED,758,2010-07-09T22:00:00Z
365,0,NULL,760,0,FINISHED,756,2010-07-10T22:00:00Z
406,3,NULL,799,1,FINISHED,764,2014-06-11T22:00:00Z
406,1,NULL,756,5,FINISHED,760,2014-06-12T22:00:00Z
406,3,NULL,779,1,FINISHED,767,2014-06-12T22:00:00Z
406,1,NULL,781,0,FINISHED,769,2014-06-12T22:00:00Z
406,3,NULL,775,0,FINISHED,818,2014-06-13T22:00:00Z
406,1,NULL,784,2,FINISHED,770,2014-06-13T22:00:00Z
406,1,NULL,793,3,FINISHED,758,2014-06-13T22:00:00Z
406,2,NULL,766,1,FINISHED,787,2014-06-14T22:00:00Z
406,2,NULL,1060,1,FINISHED,762,2014-06-14T22:00:00Z
406,2,NULL,791,1,FINISHED,788,2014-06-14T22:00:00Z
406,3,NULL,789,0,FINISHED,773,2014-06-14T22:00:00Z
406,1,NULL,771,2,FINISHED,763,2014-06-15T22:00:00Z
406,0,NULL,776,0,FINISHED,840,2014-06-15T22:00:00Z
406,4,NULL,765,0,FINISHED,759,2014-06-15T22:00:00Z
406,1,NULL,772,1,FINISHED,808,2014-06-16T22:00:00Z
406,2,NULL,778,1,FINISHED,805,2014-06-16T22:00:00Z
406,0,NULL,769,0,FINISHED,764,2014-06-16T22:00:00Z
406,0,NULL,799,4,FINISHED,781,2014-06-17T22:00:00Z
406,0,NULL,767,2,FINISHED,760,2014-06-17T22:00:00Z
406,2,NULL,756,3,FINISHED,779,2014-06-17T22:00:00Z
406,2,NULL,787,1,FINISHED,818,2014-06-18T22:00:00Z
406,0,NULL,775,0,FINISHED,766,2014-06-18T22:00:00Z
406,2,NULL,770,1,FINISHED,758,2014-06-18T22:00:00Z
406,2,NULL,773,5,FINISHED,788,2014-06-19T22:00:00Z
406,1,NULL,791,2,FINISHED,789,2014-06-19T22:00:00Z
406,0,NULL,793,1,FINISHED,784,2014-06-19T22:00:00Z
406,2,NULL,763,2,FINISHED,759,2014-06-20T22:00:00Z
406,1,NULL,840,0,FINISHED,762,2014-06-20T22:00:00Z
406,1,NULL,1060,0,FINISHED,776,2014-06-20T22:00:00Z
406,1,NULL,808,0,FINISHED,805,2014-06-21T22:00:00Z
406,2,NULL,778,4,FINISHED,772,2014-06-21T22:00:00Z
406,2,NULL,765,2,FINISHED,771,2014-06-21T22:00:00Z
406,2,NULL,767,0,FINISHED,756,2014-06-22T22:00:00Z
406,0,NULL,760,3,FINISHED,779,2014-06-22T22:00:00Z
406,1,NULL,769,3,FINISHED,799,2014-06-22T22:00:00Z
406,1,NULL,764,4,FINISHED,781,2014-06-22T22:00:00Z
406,1,NULL,818,4,FINISHED,766,2014-06-23T22:00:00Z
406,0,NULL,758,1,FINISHED,784,2014-06-23T22:00:00Z
406,2,NULL,787,1,FINISHED,775,2014-06-23T22:00:00Z
406,0,NULL,770,0,FINISHED,793,2014-06-23T22:00:00Z
406,2,NULL,762,3,FINISHED,776,2014-06-24T22:00:00Z
406,3,NULL,840,1,FINISHED,1060,2014-06-24T22:00:00Z
406,0,NULL,788,3,FINISHED,789,2014-06-24T22:00:00Z
406,0,NULL,773,0,FINISHED,791,2014-06-24T22:00:00Z
406,0,NULL,805,1,FINISHED,772,2014-06-25T22:00:00Z
406,1,NULL,808,1,FINISHED,778,2014-06-25T22:00:00Z
406,0,NULL,759,1,FINISHED,771,2014-06-25T22:00:00Z
406,2,NULL,763,1,FINISHED,765,2014-06-25T22:00:00Z
406,1,NULL,767,1,FINISHED,764,2014-06-28T16:00:00Z
406,2,NULL,758,0,FINISHED,818,2014-06-28T20:00:00Z
406,2,NULL,769,1,FINISHED,756,2014-06-29T16:00:00Z
406,1,NULL,775,1,FINISHED,793,2014-06-29T20:00:00Z
406,2,NULL,776,0,FINISHED,773,2014-06-30T16:00:00Z
406,0,NULL,778,0,FINISHED,759,2014-06-30T20:00:00Z
406,0,NULL,788,0,FINISHED,762,2014-07-01T16:00:00Z
406,0,NULL,771,0,FINISHED,805,2014-07-01T20:00:00Z
406,0,NULL,759,1,FINISHED,773,2014-07-04T16:00:00Z
406,2,NULL,818,1,FINISHED,764,2014-07-04T16:00:00Z
406,1,NULL,805,0,FINISHED,762,2014-07-05T16:00:00Z
406,0,NULL,793,0,FINISHED,756,2014-07-05T20:00:00Z
406,1,NULL,759,7,FINISHED,764,2014-07-08T20:00:00Z
406,0,NULL,762,0,FINISHED,756,2014-07-09T20:00:00Z
406,0,NULL,756,3,FINISHED,764,2014-07-12T20:00:00Z
406,0,NULL,762,0,FINISHED,759,2014-07-13T19:00:00Z
467,NULL,NULL,801,NULL,TIMED,808,2018-06-14T15:00:00Z
467,NULL,NULL,758,NULL,TIMED,825,2018-06-15T12:00:00Z
467,NULL,NULL,840,NULL,TIMED,815,2018-06-15T15:00:00Z
467,NULL,NULL,760,NULL,TIMED,765,2018-06-15T18:00:00Z
467,NULL,NULL,779,NULL,TIMED,773,2018-06-16T10:00:00Z
467,NULL,NULL,1066,NULL,TIMED,762,2018-06-16T13:00:00Z
467,NULL,NULL,782,NULL,TIMED,832,2018-06-16T16:00:00Z
467,NULL,NULL,776,NULL,TIMED,799,2018-06-16T19:00:00Z
467,NULL,NULL,780,NULL,TIMED,793,2018-06-17T12:00:00Z
467,NULL,NULL,769,NULL,TIMED,759,2018-06-17T15:00:00Z
467,NULL,NULL,788,NULL,TIMED,764,2018-06-17T18:00:00Z
467,NULL,NULL,772,NULL,TIMED,792,2018-06-18T12:00:00Z
467,NULL,NULL,1836,NULL,TIMED,805,2018-06-18T15:00:00Z
467,NULL,NULL,770,NULL,TIMED,802,2018-06-18T18:00:00Z
467,NULL,NULL,766,NULL,TIMED,818,2018-06-19T12:00:00Z
467,NULL,NULL,804,NULL,TIMED,794,2018-06-19T15:00:00Z
467,NULL,NULL,825,NULL,TIMED,808,2018-06-19T18:00:00Z
467,NULL,NULL,815,NULL,TIMED,765,2018-06-20T12:00:00Z
467,NULL,NULL,801,NULL,TIMED,758,2018-06-20T15:00:00Z
467,NULL,NULL,760,NULL,TIMED,840,2018-06-20T18:00:00Z
467,NULL,NULL,779,NULL,TIMED,782,2018-06-21T12:00:00Z
467,NULL,NULL,832,NULL,TIMED,773,2018-06-21T15:00:00Z
467,NULL,NULL,799,NULL,TIMED,762,2018-06-21T18:00:00Z
467,NULL,NULL,793,NULL,TIMED,764,2018-06-22T12:00:00Z
467,NULL,NULL,1066,NULL,TIMED,776,2018-06-22T15:00:00Z
467,NULL,NULL,788,NULL,TIMED,780,2018-06-22T18:00:00Z
467,NULL,NULL,802,NULL,TIMED,805,2018-06-23T12:00:00Z
467,NULL,NULL,769,NULL,TIMED,772,2018-06-23T15:00:00Z
467,NULL,NULL,792,NULL,TIMED,759,2018-06-23T18:00:00Z
467,NULL,NULL,1836,NULL,TIMED,770,2018-06-24T12:00:00Z
467,NULL,NULL,804,NULL,TIMED,766,2018-06-24T15:00:00Z
467,NULL,NULL,818,NULL,TIMED,794,2018-06-24T18:00:00Z
467,NULL,NULL,825,NULL,TIMED,801,2018-06-25T14:00:00Z
467,NULL,NULL,808,NULL,TIMED,758,2018-06-25T14:00:00Z
467,NULL,NULL,765,NULL,TIMED,840,2018-06-25T18:00:00Z
467,NULL,NULL,815,NULL,TIMED,760,2018-06-25T18:00:00Z
467,NULL,NULL,773,NULL,TIMED,782,2018-06-26T14:00:00Z
467,NULL,NULL,832,NULL,TIMED,779,2018-06-26T14:00:00Z
467,NULL,NULL,762,NULL,TIMED,776,2018-06-26T18:00:00Z
467,NULL,NULL,799,NULL,TIMED,1066,2018-06-26T18:00:00Z
467,NULL,NULL,792,NULL,TIMED,769,2018-06-27T14:00:00Z
467,NULL,NULL,759,NULL,TIMED,772,2018-06-27T14:00:00Z
467,NULL,NULL,764,NULL,TIMED,780,2018-06-27T18:00:00Z
467,NULL,NULL,793,NULL,TIMED,788,2018-06-27T18:00:00Z
467,NULL,NULL,794,NULL,TIMED,766,2018-06-28T14:00:00Z
467,NULL,NULL,818,NULL,TIMED,804,2018-06-28T14:00:00Z
467,NULL,NULL,802,NULL,TIMED,1836,2018-06-28T18:00:00Z
467,NULL,NULL,805,NULL,TIMED,770,2018-06-28T18:00:00Z
467,NULL,NULL,757,NULL,SCHEDULED,757,2018-06-30T14:00:00Z
467,NULL,NULL,757,NULL,SCHEDULED,757,2018-06-30T18:00:00Z
467,NULL,NULL,757,NULL,SCHEDULED,757,2018-07-01T14:00:00Z
467,NULL,NULL,757,NULL,SCHEDULED,757,2018-07-01T18:00:00Z
467,NULL,NULL,757,NULL,SCHEDULED,757,2018-07-02T14:00:00Z
467,NULL,NULL,757,NULL,SCHEDULED,757,2018-07-02T18:00:00Z
467,NULL,NULL,757,NULL,SCHEDULED,757,2018-07-03T14:00:00Z
467,NULL,NULL,757,NULL,SCHEDULED,757,2018-07-03T18:00:00Z
467,NULL,NULL,757,NULL,SCHEDULED,757,2018-07-06T14:00:00Z
467,NULL,NULL,757,NULL,SCHEDULED,757,2018-07-06T18:00:00Z
467,NULL,NULL,757,NULL,SCHEDULED,757,2018-07-07T14:00:00Z
467,NULL,NULL,757,NULL,SCHEDULED,757,2018-07-07T18:00:00Z
467,NULL,NULL,757,NULL,SCHEDULED,757,2018-07-10T18:00:00Z
467,NULL,NULL,757,NULL,SCHEDULED,757,2018-07-11T18:00:00Z
467,NULL,NULL,757,NULL,SCHEDULED,757,2018-07-14T14:00:00Z
467,NULL,NULL,757,NULL,SCHEDULED,757,2018-07-15T15:00:00Z
