<?xml version="1.0"?>
<data grt_format="2.0">
  <value _ptr_="0x17d5e10" type="list" content-type="object" content-struct-name="db.mgmt.Connection">
    <value type="object" struct-name="db.mgmt.Connection" id="95a0f787-671f-11e8-bad4-a4db30fc620d" struct-checksum="0x96ba47d8">
      <link type="object" struct-name="db.mgmt.Driver" key="driver">com.mysql.rdbms.mysql.driver.native</link>
      <value type="string" key="hostIdentifier">Mysql@localhost:3306</value>
      <value type="int" key="isDefault">0</value>
      <value _ptr_="0x188f990" type="dict" key="modules"/>
      <value _ptr_="0x188fa20" type="dict" key="parameterValues">
        <value type="string" key="hostName">localhost</value>
        <value type="int" key="port">3306</value>
        <value type="string" key="userName">root</value>
      </value>
      <value type="string" key="name">Local instance 3306</value>
      <link type="object" struct-name="GrtObject" key="owner">734f04df-6a7e-11e8-a7fd-a4db30fc620d</link>
    </value>
  </value>
</data>
