<?xml version="1.0"?>
<data grt_format="2.0">
  <value _ptr_="0x17d5ce0" type="list" content-type="object" content-struct-name="db.mgmt.ServerInstance">
    <value type="object" struct-name="db.mgmt.ServerInstance" id="95a0f786-671f-11e8-bad4-a4db30fc620d" struct-checksum="0x367436e2">
      <link type="object" struct-name="db.mgmt.Connection" key="connection">95a0f787-671f-11e8-bad4-a4db30fc620d</link>
      <value _ptr_="0x18909b0" type="dict" key="loginInfo"/>
      <value _ptr_="0x1890a40" type="dict" key="serverInfo">
        <value type="int" key="setupPending">1</value>
        <value type="string" key="sys.config.path"></value>
        <value type="string" key="sys.config.section">mysqld</value>
        <value type="string" key="sys.preset">Custom</value>
        <value type="string" key="sys.system">Linux</value>
      </value>
      <value type="string" key="name">Local 3306</value>
    </value>
    <value type="object" struct-name="db.mgmt.ServerInstance" id="35f25c6c-6722-11e8-bad4-a4db30fc620d" struct-checksum="0x367436e2">
      <value _ptr_="0x1890fc0" type="dict" key="loginInfo">
        <value type="string" key="ssh.hostName"></value>
        <value type="string" key="ssh.key">~/.ssh/ssh_private_key</value>
        <value type="string" key="ssh.localPort">3306</value>
        <value type="int" key="ssh.useKey">0</value>
        <value type="string" key="ssh.userName">mysql</value>
      </value>
      <value _ptr_="0x1891050" type="dict" key="serverInfo">
        <value type="string" key="serverVersion">5.5</value>
        <value type="int" key="setupPending">1</value>
        <value type="string" key="sys.config.path">/etc/mysql/my.cnf</value>
        <value type="string" key="sys.config.section">mysqld</value>
        <value type="string" key="sys.mysqld.start">/sbin/service mysqld start</value>
        <value type="string" key="sys.mysqld.stop">/sbin/service mysqld stop</value>
        <value type="string" key="sys.system">Linux</value>
        <value type="int" key="sys.usesudo">1</value>
      </value>
      <value type="string" key="name"></value>
    </value>
    <value type="object" struct-name="db.mgmt.ServerInstance" id="7e52e4b0-677a-11e8-b4a9-a4db30fc620d" struct-checksum="0x367436e2">
      <value _ptr_="0x18916d0" type="dict" key="loginInfo"/>
      <value _ptr_="0x1891760" type="dict" key="serverInfo">
        <value type="int" key="setupPending">1</value>
      </value>
      <value type="string" key="name"></value>
    </value>
    <value type="object" struct-name="db.mgmt.ServerInstance" id="51d46808-6a7e-11e8-a7fd-a4db30fc620d" struct-checksum="0x367436e2">
      <value _ptr_="0x1892390" type="dict" key="loginInfo"/>
      <value _ptr_="0x1892420" type="dict" key="serverInfo">
        <value type="int" key="setupPending">1</value>
      </value>
      <value type="string" key="name"></value>
    </value>
    <value type="object" struct-name="db.mgmt.ServerInstance" id="bd8d3fa2-6a7e-11e8-a7fd-a4db30fc620d" struct-checksum="0x367436e2">
      <link type="object" struct-name="db.mgmt.Connection" key="connection">a06775be-6a7e-11e8-a7fd-a4db30fc620d</link>
      <value _ptr_="0x1f03de0" type="dict" key="loginInfo"/>
      <value _ptr_="0x1f03e70" type="dict" key="serverInfo">
        <value type="int" key="setupPending">1</value>
      </value>
      <value type="string" key="name"></value>
      <link type="object" struct-name="GrtObject" key="owner">734f04df-6a7e-11e8-a7fd-a4db30fc620d</link>
    </value>
  </value>
</data>
